caption,image_file
influencer,image (1).jpg
influencer,image (2).jpg
influencer,image (3).jpg
influencer,image (4).jpg
influencer,image (5).jpg
influencer,image (6).jpg
influencer,image (7).jpg
influencer,image (8).jpg
influencer,image (9).jpg
influencer,image (10).jpg
influencer,image (11).jpg
influencer,image (12).jpg
influencer,image (13).jpg
influencer,image (14).jpg
influencer,image (15).jpg
influencer,image (16).jpg
influencer,image (17).jpg
influencer,image (18).jpg
influencer,image (19).jpg
influencer,image (20).jpg
influencer,image (21).jpg
influencer,image (22).jpg
influencer,image (23).jpg
influencer,image (24).jpg
influencer,image (25).jpg
influencer,image (26).jpg
influencer,image (27).jpg
influencer,image (28).jpg
influencer,image (29).jpg
influencer,image (30).jpg
influencer,image (31).jpg
influencer,image (32).jpg
influencer,image (33).jpg
