caption,image_file
person,image (1).jpg
person,image (2).jpg
person,image (3).jpg
person,image (4).jpg
person,image (5).jpg
person,image (6).jpg
person,image (7).jpg
person,image (8).jpg
person,image (9).jpg
person,image (10).jpg
person,image (11).jpg
person,image (12).jpg
person,image (13).jpg
person,image (14).jpg
person,image (15).jpg
person,image (16).jpg
person,image (17).jpg
person,image (18).jpg
person,image (19).jpg
person,image (20).jpg
person,image (21).jpg
person,image (22).jpg
person,image (23).jpg
person,image (24).jpg
person,image (25).jpg
person,image (26).jpg
person,image (27).jpg
person,image (28).jpg
person,image (29).jpg
person,image (30).jpg
person,image (31).jpg
person,image (32).jpg
person,image (33).jpg
influencer,image (34).jpg
influencer,image (35).jpg
influencer,image (36).jpg
influencer,image (37).jpg
influencer,image (38).jpg
influencer,image (39).jpg
influencer,image (40).jpg
influencer,image (41).jpg
influencer,image (42).jpg
influencer,image (43).jpg
influencer,image (44).jpg
influencer,image (45).jpg
influencer,image (46).jpg
influencer,image (47).jpg
influencer,image (48).jpg
influencer,image (49).jpg
influencer,image (50).jpg
influencer,image (51).jpg
influencer,image (52).jpg
influencer,image (53).jpg
influencer,image (54).jpg
influencer,image (55).jpg
influencer,image (56).jpg
influencer,image (57).jpg
influencer,image (58).jpg
influencer,image (59).jpg
influencer,image (60).jpg
influencer,image (61).jpg
influencer,image (62).jpg
influencer,image (63).jpg
influencer,image (64).jpg
influencer,image (65).jpg
influencer,image (66).jpg
